{
  "rsi": 73.35499546025056,
  "macd": 37.69617325220315,
  "signal": 37.69617325220315,
  "support_zone": [
    4375.5,
    4399.2998046875,
    4404.10009765625,
    4492.0,
    4526.0
  ],
  "resistance_zone": [
    5229.7001953125,
    5230.5,
    5294.39990234375,
    5301.60009765625,
    5318.39990234375
  ]
}